sl_no,product_name,image_file,match_level,source_shop,source_product_name,source_page_url,image_url,note
1,"4"" Gold Lakshmi Deluxe",001_4_Gold_Lakshmi_Deluxe.jpg,OWN_SHOP,srivelavanpattasukadai.com (own shop),4″ Gold Lakshmi Deluxe,https://srivelavanpattasukadai.com/product/4-gold-lakshmi/,https://srivelavanpattasukadai.com/wp-content/uploads/2024/09/gold-lakshmi-e1789136205625.png,
2,"2 3/4"" Kuruvi",002_2_3_4_Kuruvi.jpg,OWN_SHOP,srivelavanpattasukadai.com (own shop),2 3/4″ Kuruvi,https://srivelavanpattasukadai.com/product/2-3-4-kuruvi/,https://srivelavanpattasukadai.com/wp-content/uploads/2024/09/2-kuruvi.png,
3,"3.5"" Lakshmi",003_3_5_Lakshmi.jpg,OWN_SHOP,srivelavanpattasukadai.com (own shop),3.5″ Lakshmi,https://srivelavanpattasukadai.com/product/3-5-lakshmi/,https://srivelavanpattasukadai.com/wp-content/uploads/2024/09/3-lakshmi.png,
4,"4"" Lakshmi Premium",004_4_Lakshmi_Premium.jpg,OWN_SHOP,srivelavanpattasukadai.com (own shop),4″ Lakshmi Premium,https://srivelavanpattasukadai.com/product/4-lakshmi/,https://srivelavanpattasukadai.com/wp-content/uploads/2024/09/4-lakshmi-2.png,
5,2 Sound Crackers,005_2_Sound_Crackers.jpg,OWN_SHOP,srivelavanpattasukadai.com (own shop),2 Sound Crackers,https://srivelavanpattasukadai.com/product/2-sound-branded-crackers/,https://srivelavanpattasukadai.com/wp-content/uploads/2024/09/2-sound.png,
6,"4"" (14 Ply) Deluxe Lakshmi",006_4_14_Ply_Deluxe_Lakshmi.jpg,OWN_SHOP,srivelavanpattasukadai.com (own shop),4″ (14 Ply) Deluxe Lakshmi,https://srivelavanpattasukadai.com/product/4-deluxe-lakshmi-singam/,https://srivelavanpattasukadai.com/wp-content/uploads/2024/09/4-lakshmi-1.png,
7,"5"" Mega Lakshmi (Red Hulk)",007_5_Mega_Lakshmi_Red_Hulk.jpg,OWN_SHOP,srivelavanpattasukadai.com (own shop),5″ Mega Lakshmi (Red Hulk),https://srivelavanpattasukadai.com/product/5-super-deluxe-lakshmi-kaalai/,https://srivelavanpattasukadai.com/wp-content/uploads/2024/09/hulk-2.png,
8,"5.5"" Premium Lakshmi (Green Hulk)",008_5_5_Premium_Lakshmi_Green_Hulk.jpg,TYPE,sivancrackers.com,4'' Lakshmi Deluxe & Hulk 1 Packet - 5 Pieces,https://www.sivancrackers.com/,https://sivancrackers.s3.ap-south-1.amazonaws.com/products/images/4afa38985a11419027349dd978ec4048.webp,"4"" Hulk variant photo; product is 5.5"" Green Hulk"
9,"6"" Lakshmi (Jaguar)",009_6_Lakshmi_Jaguar.jpg,OWN_SHOP,srivelavanpattasukadai.com (own shop),6″ Lakshmi (Jaguar),https://srivelavanpattasukadai.com/product/6-lakshmi-jaguar/,https://srivelavanpattasukadai.com/wp-content/uploads/2026/09/jaguar.png,
10,Ground Chakker Big (10 Pcs) (1st Size),010_Ground_Chakker_Big_10_Pcs_1st_Size.jpg,OWN_SHOP,srivelavanpattasukadai.com (own shop),Ground Chakker Big (10 Pcs) (1st Size),https://srivelavanpattasukadai.com/product/ground-chakker-big-10-pcs/,https://srivelavanpattasukadai.com/wp-content/uploads/2024/09/gc-big.png,
11,Ground Chakker Big (25 Pcs) (1st Size),011_Ground_Chakker_Big_25_Pcs_1st_Size.jpg,OWN_SHOP,srivelavanpattasukadai.com (own shop),Ground Chakker Big (25 Pcs)  (1st Size),https://srivelavanpattasukadai.com/product/ground-chakker-big-25-pcs/,https://srivelavanpattasukadai.com/wp-content/uploads/2024/09/gc-big-25pcs.png,
12,Ground Chakker Special (2nd Size),012_Ground_Chakker_Special_2nd_Size.jpg,OWN_SHOP,srivelavanpattasukadai.com (own shop),Ground Chakker Special (2nd Size),https://srivelavanpattasukadai.com/product/ground-chakker-special/,https://srivelavanpattasukadai.com/wp-content/uploads/2024/09/chakkar-special.png,
13,Ground Chakker Deluxe (3rd Size),013_Ground_Chakker_Deluxe_3rd_Size.jpg,OWN_SHOP,srivelavanpattasukadai.com (own shop),Ground Chakker Deluxe (3rd Size),https://srivelavanpattasukadai.com/product/ground-chakker-deluxe/,https://srivelavanpattasukadai.com/wp-content/uploads/2024/09/gc-dlx.png,
14,Ground Chakker Deluxe (3rd Size) (Branded),014_Ground_Chakker_Deluxe_3rd_Size_Branded.jpg,OWN_SHOP,srivelavanpattasukadai.com (own shop),Ground Chakker Deluxe (3rd Size) (Branded),https://srivelavanpattasukadai.com/product/ground-chakker-deluxe-3rd-size-branded/,https://srivelavanpattasukadai.com/wp-content/uploads/2026/09/gc-dlx-vadivel.png,
15,Plastic Chakkar Special,015_Plastic_Chakkar_Special.jpg,OWN_SHOP,srivelavanpattasukadai.com (own shop),Plastic Chakkar Special,https://srivelavanpattasukadai.com/product/plastic-chakkar-special/,https://srivelavanpattasukadai.com/wp-content/uploads/2026/09/gc-plastic-special.png,
16,Plastic Deluxe Spinner (Branded),016_Plastic_Deluxe_Spinner_Branded.jpg,OWN_SHOP,srivelavanpattasukadai.com (own shop),Plastic Deluxe Spinner (Branded),https://srivelavanpattasukadai.com/product/plastic-deluxe-spinner-branded/,https://srivelavanpattasukadai.com/wp-content/uploads/2026/09/spinner-dlx-vadivel.png,
17,Plastic Super Deluxe Spinner (Branded),017_Plastic_Super_Deluxe_Spinner_Branded.jpg,OWN_SHOP,srivelavanpattasukadai.com (own shop),Plastic Super Deluxe Spinner (Branded),https://srivelavanpattasukadai.com/product/plastic-super-deluxe-spinner-branded/,https://srivelavanpattasukadai.com/wp-content/uploads/2026/09/spinner-super-dlx-vadivel.png,
18,Flower pots Small (1st Size),018_Flower_pots_Small_1st_Size.jpg,OWN_SHOP,srivelavanpattasukadai.com (own shop),Flower pots Small  (1st Size),https://srivelavanpattasukadai.com/product/flower-pots-small-size-1/,https://srivelavanpattasukadai.com/wp-content/uploads/2024/09/fp-small.png,
19,Flower pots Big (2nd Size),019_Flower_pots_Big_2nd_Size.jpg,OWN_SHOP,srivelavanpattasukadai.com (own shop),Flower pots Big  (2nd Size),https://srivelavanpattasukadai.com/product/flower-pots-big-size-2/,https://srivelavanpattasukadai.com/wp-content/uploads/2024/09/fp-big.png,
20,Flower pots Special (3rd Size),020_Flower_pots_Special_3rd_Size.jpg,OWN_SHOP,srivelavanpattasukadai.com (own shop),Flower pots Special (3rd Size),https://srivelavanpattasukadai.com/product/flower-pots-special-size-3/,https://srivelavanpattasukadai.com/wp-content/uploads/2024/09/fp-special.png,
21,Flower pots Asoka (4th Size),021_Flower_pots_Asoka_4th_Size.jpg,OWN_SHOP,srivelavanpattasukadai.com (own shop),Flower pots Asoka (4th  Size),https://srivelavanpattasukadai.com/product/flower-pots-asoka-size-4/,https://srivelavanpattasukadai.com/wp-content/uploads/2024/09/fp-asoka.png,
22,Flower pots Color Koti (5th Size),022_Flower_pots_Color_Koti_5th_Size.jpg,OWN_SHOP,srivelavanpattasukadai.com (own shop),Flower pots Color Koti (5th Size),https://srivelavanpattasukadai.com/product/flower-pots-color-koti-size-5/,https://srivelavanpattasukadai.com/wp-content/uploads/2024/09/fp-colour-koti.png,
23,Flower pots Deluxe (10Pcs) (6th Size),023_Flower_pots_Deluxe_10Pcs_6th_Size.jpg,OWN_SHOP,srivelavanpattasukadai.com (own shop),Flower pots Deluxe (10Pcs) (6th Size),https://srivelavanpattasukadai.com/product/flower-pots-super-color-koti-size-6/,https://srivelavanpattasukadai.com/wp-content/uploads/2025/08/fp-colour-koti-dlx-1.png,
24,Super Colour Koti (Branded),024_Super_Colour_Koti_Branded.jpg,OWN_SHOP,srivelavanpattasukadai.com (own shop),Super Colour Koti (Branded),https://srivelavanpattasukadai.com/product/flower-pots-deluxe-size-7/,https://srivelavanpattasukadai.com/wp-content/uploads/2025/08/ashok-colour-koti.png,
25,Colour Koti Mega Deluxe (Branded),025_Colour_Koti_Mega_Deluxe_Branded.jpg,OWN_SHOP,srivelavanpattasukadai.com (own shop),Colour Koti Mega Deluxe (Branded),https://srivelavanpattasukadai.com/product/flower-pots-mega-color-koti-size-8/,https://srivelavanpattasukadai.com/wp-content/uploads/2025/08/ashok-colour-koti-dlx.png,
26,Disco Wheel,026_Disco_Wheel.jpg,OWN_SHOP,srivelavanpattasukadai.com (own shop),Disco Wheel,https://srivelavanpattasukadai.com/product/disco-wheel/,https://srivelavanpattasukadai.com/wp-content/uploads/2024/09/disco-wheel-1.png,
27,4 x 4 Wheel,027_4_x_4_Wheel.jpg,OWN_SHOP,srivelavanpattasukadai.com (own shop),4 × 4 Wheel,https://srivelavanpattasukadai.com/product/titanic-wheel/,https://srivelavanpattasukadai.com/wp-content/uploads/2024/09/4x4-wheel.png,
28,Whisting Dixie (Branded),028_Whisting_Dixie_Branded.jpg,OWN_SHOP,srivelavanpattasukadai.com (own shop),Whisting Dixie (Branded),https://srivelavanpattasukadai.com/product/brand-whistling-wheel/,https://srivelavanpattasukadai.com/wp-content/uploads/2024/09/whistling-wheel-dlx-vadivel.png,
29,Wire Chakkar Deluxe,029_Wire_Chakkar_Deluxe.jpg,EXACT,chakracrackers.com,Wire Chakkar (கம்பி சக்கரம் ),https://chakracrackers.com/product/wire-chakkar/,https://chakracrackers.com/wp-content/uploads/2025/08/Wire_Chakkar.jpeg,
30,Double Whisting Re Cycle (Branded),030_Double_Whisting_Re_Cycle_Branded.jpg,OWN_SHOP,srivelavanpattasukadai.com (own shop),Double Whisting Re Cycle (Branded),https://srivelavanpattasukadai.com/product/wire-chakkar-deluxe/,https://srivelavanpattasukadai.com/wp-content/uploads/2024/09/whistling-cycle-vadivel.png,
31,"2.25"" Multi colour Fountain",031_2_25_Multi_colour_Fountain.jpg,OWN_SHOP,srivelavanpattasukadai.com (own shop),2.25″ Multi colour Fountain,https://srivelavanpattasukadai.com/product/2-25-multi-colour-nattiyala-tillana-fountain/,https://srivelavanpattasukadai.com/wp-content/uploads/2024/09/27.-2.25-Multi-colour-Nattiyala-Tillana-Fountain-Sri-Velavan.jpg,
32,Holi 5 in 1 Multi Colour Fountain,032_Holi_5_in_1_Multi_Colour_Fountain.jpg,OWN_SHOP,srivelavanpattasukadai.com (own shop),Holi 5 in 1 Multi Colour Fountain,https://srivelavanpattasukadai.com/product/holi-5-in-1-multi-colour-fountain/,https://srivelavanpattasukadai.com/wp-content/uploads/2024/09/holi-1.png,
33,Pogo 5 in 1 Multi Colour Fountain,033_Pogo_5_in_1_Multi_Colour_Fountain.jpg,OWN_SHOP,srivelavanpattasukadai.com (own shop),Pogo 5 in 1 Multi Colour Fountain,https://srivelavanpattasukadai.com/product/pogo-5-in-1-multi-colour-fountain/,https://srivelavanpattasukadai.com/wp-content/uploads/2024/09/pogo-1.png,
34,Jodi Fountain,034_Jodi_Fountain.jpg,OWN_SHOP,srivelavanpattasukadai.com (own shop),Jodi Fountain,https://srivelavanpattasukadai.com/product/twins-fountain/,https://srivelavanpattasukadai.com/wp-content/uploads/2024/09/2-pcs-instagram.png,
35,Tri Colour Mega Multi Fountain,035_Tri_Colour_Mega_Multi_Fountain.jpg,OWN_SHOP,srivelavanpattasukadai.com (own shop),Tri Colour Mega Multi Fountain,https://srivelavanpattasukadai.com/product/tri-colour-mega-fountain/,https://srivelavanpattasukadai.com/wp-content/uploads/2024/09/tri-colour.png,
36,Triple Fountain,036_Triple_Fountain.jpg,OWN_SHOP,srivelavanpattasukadai.com (own shop),Triple Fountain,https://srivelavanpattasukadai.com/product/triple-fountain/,https://srivelavanpattasukadai.com/wp-content/uploads/2026/09/cocktail.png,
37,Peacock Fountain 3 Tubes - Multi Colour,037_Peacock_Fountain_3_Tubes_Multi_Colour.jpg,OWN_SHOP,srivelavanpattasukadai.com (own shop),Peacock Fountain 3 Tubes – Multi Colour,https://srivelavanpattasukadai.com/product/peacock-fountain-multi-colour/,https://srivelavanpattasukadai.com/wp-content/uploads/2024/09/peacock-1.png,
38,Bada Peacock 5 Tubes - Multi Colour,038_Bada_Peacock_5_Tubes_Multi_Colour.jpg,OWN_SHOP,srivelavanpattasukadai.com (own shop),Bada Peacock 5 Tubes – Multi Colour,https://srivelavanpattasukadai.com/product/bada-peacock-5-tubes/,https://srivelavanpattasukadai.com/wp-content/uploads/2024/09/bada-peacock.png,
39,Stawberry party,039_Stawberry_party.jpg,OWN_SHOP,srivelavanpattasukadai.com (own shop),Stawberry party,https://srivelavanpattasukadai.com/product/popcorn-cocktail-party/,https://srivelavanpattasukadai.com/wp-content/uploads/2024/09/juicy-stawberry.png,
40,Kawaii party,040_Kawaii_party.jpg,OWN_SHOP,srivelavanpattasukadai.com (own shop),Kawaii party,https://srivelavanpattasukadai.com/product/green-apple-tin/,https://srivelavanpattasukadai.com/wp-content/uploads/2024/09/juicy-dragon.png,
41,Pineapple party,041_Pineapple_party.jpg,OWN_SHOP,srivelavanpattasukadai.com (own shop),Pineapple party,https://srivelavanpattasukadai.com/product/strowberry-tin/,https://srivelavanpattasukadai.com/wp-content/uploads/2024/09/juicy-popcorn.png,
42,Watermelon party,042_Watermelon_party.jpg,OWN_SHOP,srivelavanpattasukadai.com (own shop),Watermelon party,https://srivelavanpattasukadai.com/product/banana-tin/,https://srivelavanpattasukadai.com/wp-content/uploads/2024/09/juicy-waterqueen.png,
43,Cool Drinks Tin,043_Cool_Drinks_Tin.jpg,OWN_SHOP,srivelavanpattasukadai.com (own shop),Cool Drinks Tin,https://srivelavanpattasukadai.com/product/water-queen-tin/,https://srivelavanpattasukadai.com/wp-content/uploads/2025/08/121.-Cool-Drinks-Tin.jpg,
44,Bullet Bomb,044_Bullet_Bomb.jpg,OWN_SHOP,srivelavanpattasukadai.com (own shop),Bullet Bomb,https://srivelavanpattasukadai.com/product/bullet-bomb/,https://srivelavanpattasukadai.com/wp-content/uploads/2024/09/bullet.png,
45,Hydro Bomb,045_Hydro_Bomb.jpg,OWN_SHOP,srivelavanpattasukadai.com (own shop),Hydro Bomb,https://srivelavanpattasukadai.com/product/hydro-bomb/,https://srivelavanpattasukadai.com/wp-content/uploads/2024/09/hydro-bomb-1.png,
46,King Bomb,046_King_Bomb.jpg,OWN_SHOP,srivelavanpattasukadai.com (own shop),King Bomb,https://srivelavanpattasukadai.com/product/king-bomb/,https://srivelavanpattasukadai.com/wp-content/uploads/2024/09/king-of-king-bomb.png,
47,Classic Bomb,047_Classic_Bomb.jpg,OWN_SHOP,srivelavanpattasukadai.com (own shop),Classic Bomb,https://srivelavanpattasukadai.com/product/classic-bomb/,https://srivelavanpattasukadai.com/wp-content/uploads/2024/09/classic-bomb-1.png,
48,Agni Bomb,048_Agni_Bomb.jpg,OWN_SHOP,srivelavanpattasukadai.com (own shop),Agni Bomb,https://srivelavanpattasukadai.com/product/agni-bomb/,https://srivelavanpattasukadai.com/wp-content/uploads/2024/09/agni-bomb-1.png,
49,Digital Bomb,049_Digital_Bomb.jpg,OWN_SHOP,srivelavanpattasukadai.com (own shop),Digital Bomb,https://srivelavanpattasukadai.com/product/digital-bomb/,https://srivelavanpattasukadai.com/wp-content/uploads/2024/09/digital-bomb-1.png,
50,Baby Rocket,050_Baby_Rocket.jpg,OWN_SHOP,srivelavanpattasukadai.com (own shop),Baby Rocket,https://srivelavanpattasukadai.com/product/baby-rocket/,https://srivelavanpattasukadai.com/wp-content/uploads/2024/09/baby-rocket-2.png,
51,Rocket Bomb,051_Rocket_Bomb.jpg,OWN_SHOP,srivelavanpattasukadai.com (own shop),Rocket Bomb,https://srivelavanpattasukadai.com/product/rocket-bomb/,https://srivelavanpattasukadai.com/wp-content/uploads/2024/09/rocket-bomb-2.png,
52,Ultra Lunik Express,052_Ultra_Lunik_Express.jpg,OWN_SHOP,srivelavanpattasukadai.com (own shop),Ultra Lunik Express,https://srivelavanpattasukadai.com/product/ultra-lunik-express/,https://srivelavanpattasukadai.com/wp-content/uploads/2024/09/lunik-rocket.png,
53,Whistling Rocket,053_Whistling_Rocket.jpg,OWN_SHOP,srivelavanpattasukadai.com (own shop),Whistling Rocket,https://srivelavanpattasukadai.com/product/whistling-rocket/,https://srivelavanpattasukadai.com/wp-content/uploads/2024/09/wishling-rocket.png,
54,Bijili Stripped,054_Bijili_Stripped.jpg,OWN_SHOP,srivelavanpattasukadai.com (own shop),Bijili Stripped,https://srivelavanpattasukadai.com/product/bijili-stripped/,https://srivelavanpattasukadai.com/wp-content/uploads/2024/09/bijili-stepped.png,
55,Bijili Red,055_Bijili_Red.jpg,OWN_SHOP,srivelavanpattasukadai.com (own shop),Bijili Red,https://srivelavanpattasukadai.com/product/bijili-red/,https://srivelavanpattasukadai.com/wp-content/uploads/2024/09/bijili-red-1.png,
56,1.5' Twinkling Star,056_1_5_Twinkling_Star.jpg,OWN_SHOP,srivelavanpattasukadai.com (own shop),1.5′ Twinkling Star,https://srivelavanpattasukadai.com/product/twinkilng-star-1-5/,https://srivelavanpattasukadai.com/wp-content/uploads/2024/09/1-twinkling-star.png,
57,4' Twinkling Star,057_4_Twinkling_Star.jpg,OWN_SHOP,srivelavanpattasukadai.com (own shop),4′ Twinkling Star,https://srivelavanpattasukadai.com/product/twinkilng-star-4/,https://srivelavanpattasukadai.com/wp-content/uploads/2024/09/4-twinkling-star.png,
58,Kit Kat,058_Kit_Kat.jpg,OWN_SHOP,srivelavanpattasukadai.com (own shop),Kit Kat,https://srivelavanpattasukadai.com/product/kit-kat/,https://srivelavanpattasukadai.com/wp-content/uploads/2024/09/kitkat-1.png,
59,Tom and Jerry (10 Pcs),059_Tom_and_Jerry_10_Pcs.jpg,OWN_SHOP,srivelavanpattasukadai.com (own shop),Tom and Jerry  (10 Pcs),https://srivelavanpattasukadai.com/product/ganga-jamuna/,https://srivelavanpattasukadai.com/wp-content/uploads/2024/09/tom-and-jerry.png,
60,ChitPut / Asarabi Big (10 Pcs),060_ChitPut_Asarabi_Big_10_Pcs.jpg,OWN_SHOP,srivelavanpattasukadai.com (own shop),ChitPut / Asarabi Big (10 Pcs),https://srivelavanpattasukadai.com/product/bounce-disco-pops/,https://srivelavanpattasukadai.com/wp-content/uploads/2024/09/chut-put.png,
61,Ganga Jamuna,061_Ganga_Jamuna.jpg,OWN_SHOP,srivelavanpattasukadai.com (own shop),Ganga Jamuna,https://srivelavanpattasukadai.com/product/ganga-jamuna-2/,https://srivelavanpattasukadai.com/wp-content/uploads/2026/09/ganga-jamuna.png,
62,Bounce / Disco Pops,062_Bounce_Disco_Pops.jpg,OWN_SHOP,srivelavanpattasukadai.com (own shop),Bounce / Disco Pops,https://srivelavanpattasukadai.com/product/bounce-disco-pops-2/,https://srivelavanpattasukadai.com/wp-content/uploads/2026/09/disco-pops.png,
63,Feathers,063_Feathers.jpg,OWN_SHOP,srivelavanpattasukadai.com (own shop),Feathers,https://srivelavanpattasukadai.com/product/feathers/,https://srivelavanpattasukadai.com/wp-content/uploads/2026/09/feather-peacock.png,
64,Mini Siren,064_Mini_Siren.jpg,OWN_SHOP,srivelavanpattasukadai.com (own shop),Mini Siren,https://srivelavanpattasukadai.com/product/mini-siren/,https://srivelavanpattasukadai.com/wp-content/uploads/2024/09/mini-siren-1.png,
65,Mega Siren,065_Mega_Siren.jpg,OWN_SHOP,srivelavanpattasukadai.com (own shop),Mega Siren,https://srivelavanpattasukadai.com/product/mega-siren/,https://srivelavanpattasukadai.com/wp-content/uploads/2024/09/mega-siren-1.png,
66,Twinkling Firefly / Butterfly,066_Twinkling_Firefly_Butterfly.jpg,OWN_SHOP,srivelavanpattasukadai.com (own shop),Twinkling Firefly / Butterfly,https://srivelavanpattasukadai.com/product/twinkling-firefly-butterfly/,https://srivelavanpattasukadai.com/wp-content/uploads/2024/09/butterfly-1.png,
67,Bambaram 10Pcs,067_Bambaram_10Pcs.jpg,OWN_SHOP,srivelavanpattasukadai.com (own shop),Bambaram 10Pcs,https://srivelavanpattasukadai.com/product/bambaram-10pcs/,https://srivelavanpattasukadai.com/wp-content/uploads/2024/09/bambaram-1.png,
68,Helicopter,068_Helicopter.jpg,OWN_SHOP,srivelavanpattasukadai.com (own shop),Helicopter,https://srivelavanpattasukadai.com/product/helicopter/,https://srivelavanpattasukadai.com/wp-content/uploads/2024/09/helkicopter.png,
69,Electric Stone,069_Electric_Stone.jpg,OWN_SHOP,srivelavanpattasukadai.com (own shop),Electric Stone,https://srivelavanpattasukadai.com/product/electric-stone/,https://srivelavanpattasukadai.com/wp-content/uploads/2024/09/stone.png,
70,Spark Snap / Photo Flash,070_Spark_Snap_Photo_Flash.jpg,EXACT,chakracrackers.com,Photo Flash ( புகைப்பட ஃப்ளாஷ் ) (5 Pcs),https://chakracrackers.com/product/photo-flash-5-pcs/,https://chakracrackers.com/wp-content/uploads/2023/04/CHA-077.jpg,
71,Selfie Stick,071_Selfie_Stick.jpg,OWN_SHOP,srivelavanpattasukadai.com (own shop),Selfie Stick,https://srivelavanpattasukadai.com/product/selfie-stick-2/,https://srivelavanpattasukadai.com/wp-content/uploads/2026/09/selfie-stick.png,
72,Star Flash / SkyShot Spark,072_Star_Flash_SkyShot_Spark.jpg,TYPE,sivancrackers.com,Star Light 1 Box - 5 Pieces,https://www.sivancrackers.com/,https://sivancrackers.s3.ap-south-1.amazonaws.com/products/images/04129f8e889dbbe44a6647f067af81f0.webp,star/sky spark novelty; SkyShot Spark not listed
73,7 shots colour,073_7_shots_colour.jpg,OWN_SHOP,srivelavanpattasukadai.com (own shop),7 shots colour,https://srivelavanpattasukadai.com/product/7-shots-colour/,https://srivelavanpattasukadai.com/wp-content/uploads/2024/09/57.-7-shots-colour.jpg,
74,15' Super Pencil,074_15_Super_Pencil.jpg,OWN_SHOP,srivelavanpattasukadai.com (own shop),15′ Super Pencil,https://srivelavanpattasukadai.com/product/12-super-pencil/,https://srivelavanpattasukadai.com/wp-content/uploads/2024/09/15cm-pencil.png,
75,18' Super Pencil,075_18_Super_Pencil.jpg,OWN_SHOP,srivelavanpattasukadai.com (own shop),18′ Super Pencil,https://srivelavanpattasukadai.com/product/18-magic-pencil/,https://srivelavanpattasukadai.com/wp-content/uploads/2024/09/18-pencil-1.png,
76,Golden Star Fancy Pencil,076_Golden_Star_Fancy_Pencil.jpg,OWN_SHOP,srivelavanpattasukadai.com (own shop),Golden Star Fancy Pencil,https://srivelavanpattasukadai.com/product/colour-smoke-3-pcs/,https://srivelavanpattasukadai.com/wp-content/uploads/2024/09/pencil.png,
77,Rainbow Colour Smoke (3 Pcs),077_Rainbow_Colour_Smoke_3_Pcs.jpg,OWN_SHOP,srivelavanpattasukadai.com (own shop),Rainbow Colour Smoke (3 Pcs),https://srivelavanpattasukadai.com/product/rainbow-colour-smoke-3-pcs/,https://srivelavanpattasukadai.com/wp-content/uploads/2024/09/Colour-Smoke-3-Pcs.png,
78,"1"" Chota Serial Shots",078_1_Chota_Serial_Shots.jpg,OWN_SHOP,srivelavanpattasukadai.com (own shop),1″ Chota Serial Shots,https://srivelavanpattasukadai.com/product/1-chota-serial-shots/,https://srivelavanpattasukadai.com/wp-content/uploads/2024/09/1-chota.png,
79,Penta Series - 5 Colours Combo,079_Penta_Series_5_Colours_Combo.jpg,OWN_SHOP,srivelavanpattasukadai.com (own shop),Penta Series – 5 Colours Combo,https://srivelavanpattasukadai.com/product/penta-sky-shot-5-color-branded/,https://srivelavanpattasukadai.com/wp-content/uploads/2024/09/penta-1.png,
80,"2"" (1Pce) Comet Single Pipe",080_2_1Pce_Comet_Single_Pipe.jpg,OWN_SHOP,srivelavanpattasukadai.com (own shop),2″ (1Pce) Comet Single Pipe,https://srivelavanpattasukadai.com/product/2-1pce-comet/,https://srivelavanpattasukadai.com/wp-content/uploads/2024/09/64.-2-1Pce-Comet.jpg,
81,"2"" (3Pcs) Comet Combo Hulk",081_2_3Pcs_Comet_Combo_Hulk.jpg,OWN_SHOP,srivelavanpattasukadai.com (own shop),2″ (3Pcs) Comet Combo Hulk,https://srivelavanpattasukadai.com/product/2-comet-combo-bad-boys/,https://srivelavanpattasukadai.com/wp-content/uploads/2024/09/hulk.png,
82,"2"" (3Pcs) Comet Combo Sun Flash",082_2_3Pcs_Comet_Combo_Sun_Flash.jpg,OWN_SHOP,srivelavanpattasukadai.com (own shop),2″ (3Pcs) Comet Combo Sun Flash,https://srivelavanpattasukadai.com/product/2-3pcs-comet-combo-skype/,https://srivelavanpattasukadai.com/wp-content/uploads/2024/09/sun-flash.png,
83,"2"" (3Pcs) Comet Combo Hero",083_2_3Pcs_Comet_Combo_Hero.jpg,OWN_SHOP,srivelavanpattasukadai.com (own shop),2″ (3Pcs) Comet Combo Hero,https://srivelavanpattasukadai.com/product/2-3pcs-comet-combo-facebook-whatsapp/,https://srivelavanpattasukadai.com/wp-content/uploads/2024/09/hero.png,
84,"2"" (3Pcs) Comet Combo Aquastat",084_2_3Pcs_Comet_Combo_Aquastat.jpg,OWN_SHOP,srivelavanpattasukadai.com (own shop),2″ (3Pcs) Comet Combo Aquastat,https://srivelavanpattasukadai.com/product/2-3pcs-comet-combo-hero-hulk/,https://srivelavanpattasukadai.com/wp-content/uploads/2024/09/2-combo-aquasta.png,
85,"3"" (1Pce) Golden Queens",085_3_1Pce_Golden_Queens.jpg,OWN_SHOP,srivelavanpattasukadai.com (own shop),3″ (1Pce) Golden Queens,https://srivelavanpattasukadai.com/product/3-25-single-classic/,https://srivelavanpattasukadai.com/wp-content/uploads/2024/09/69.-3-1Pce-Golden-Queens.jpg,
86,"3"" (1Pce) Red Rangers",086_3_1Pce_Red_Rangers.jpg,OWN_SHOP,srivelavanpattasukadai.com (own shop),3″ (1Pce) Red Rangers,https://srivelavanpattasukadai.com/product/3-25-single-nobita/,https://srivelavanpattasukadai.com/wp-content/uploads/2024/09/red-range.png,
87,"3"" (1Pce) Spider Magic",087_3_1Pce_Spider_Magic.jpg,OWN_SHOP,srivelavanpattasukadai.com (own shop),3″ (1Pce) Spider Magic,https://srivelavanpattasukadai.com/product/3-25-single-harleys-angles/,https://srivelavanpattasukadai.com/wp-content/uploads/2024/09/spider-magic.png,
88,"3"" (1Pce) Green Birds",088_3_1Pce_Green_Birds.jpg,OWN_SHOP,srivelavanpattasukadai.com (own shop),3″ (1Pce) Green Birds,https://srivelavanpattasukadai.com/product/3-25-single-silver-jublie/,https://srivelavanpattasukadai.com/wp-content/uploads/2024/09/72.-3-1Pce-Green-Birds.jpg,
89,"3.5"" (1Pce) Hemnath Light",089_3_5_1Pce_Hemnath_Light.jpg,OWN_SHOP,srivelavanpattasukadai.com (own shop),3.5″ (1Pce)  Hemnath Light,https://srivelavanpattasukadai.com/product/3-5-single-green-rise/,https://srivelavanpattasukadai.com/wp-content/uploads/2024/09/hemnath-light.png,
90,"3.5"" (1Pce) MegaMix",090_3_5_1Pce_MegaMix.jpg,OWN_SHOP,srivelavanpattasukadai.com (own shop),3.5″ (1Pce)  MegaMix,https://srivelavanpattasukadai.com/product/3-5-single-king-queen/,https://srivelavanpattasukadai.com/wp-content/uploads/2024/09/mega-mix.png,
91,"3.5"" (1Pce) Royal",091_3_5_1Pce_Royal.jpg,OWN_SHOP,srivelavanpattasukadai.com (own shop),3.5″ (1Pce) Royal,https://srivelavanpattasukadai.com/product/3-5-single-boome-rang/,https://srivelavanpattasukadai.com/wp-content/uploads/2024/09/royal.png,
92,"3.5"" (1Pce) Fiesta",092_3_5_1Pce_Fiesta.jpg,OWN_SHOP,srivelavanpattasukadai.com (own shop),3.5″ (1Pce) Fiesta,https://srivelavanpattasukadai.com/product/3-5-single-bubble-blaze/,https://srivelavanpattasukadai.com/wp-content/uploads/2024/09/76.-3.5-1Pce-Fiesta.jpg,
93,"3.5"" (1Pce) Make My Trip (Branded)",093_3_5_1Pce_Make_My_Trip_Branded.jpg,OWN_SHOP,srivelavanpattasukadai.com (own shop),3.5″ (1Pce) Make My Trip (Branded),https://srivelavanpattasukadai.com/product/3-5-single-make-my-trip/,https://srivelavanpattasukadai.com/wp-content/uploads/2024/09/77.-3.5-1Pce-Make-My-Trip.jpg,
94,"3.5"" (1Pce) Ixigo (Branded)",094_3_5_1Pce_Ixigo_Branded.jpg,OWN_SHOP,srivelavanpattasukadai.com (own shop),3.5″ (1Pce) Ixigo (Branded),https://srivelavanpattasukadai.com/product/3-5-1pce-royal/,https://srivelavanpattasukadai.com/wp-content/uploads/2024/09/78.-3.5-1Pce-Ixigo.jpg,
95,"3.5"" (1Pce) Goibibo (Branded)",095_3_5_1Pce_Goibibo_Branded.jpg,OWN_SHOP,srivelavanpattasukadai.com (own shop),3.5″ (1Pce) Goibibo (Branded),https://srivelavanpattasukadai.com/product/3-5-1pce-mega-mix/,https://srivelavanpattasukadai.com/wp-content/uploads/2024/09/79.-3.5-1Pce-Goibibo.jpg,
96,"3.5"" (1Pce) Tripp.com (Branded)",096_3_5_1Pce_Tripp_com_Branded.jpg,OWN_SHOP,srivelavanpattasukadai.com (own shop),3.5″ (1Pce) Tripp.com (Branded),https://srivelavanpattasukadai.com/product/3-5-1pce-hemnath-light/,https://srivelavanpattasukadai.com/wp-content/uploads/2024/09/80.-3.5-1Pce-Tripp.com_.jpg,
97,"4"" (1Pce) Mufasa",097_4_1Pce_Mufasa.jpg,OWN_SHOP,srivelavanpattasukadai.com (own shop),4″ (1Pce) Mufasa,https://srivelavanpattasukadai.com/product/4-1pce-golden-star/,https://srivelavanpattasukadai.com/wp-content/uploads/2024/09/mufasa.png,
98,"4"" (1Pce) Avatar",098_4_1Pce_Avatar.jpg,OWN_SHOP,srivelavanpattasukadai.com (own shop),4″ (1Pce) Avatar,https://srivelavanpattasukadai.com/product/4-single-kisan/,https://srivelavanpattasukadai.com/wp-content/uploads/2024/09/avatar.png,
99,"4"" (1Pce) Godzilla Vs Kong",099_4_1Pce_Godzilla_Vs_Kong.jpg,OWN_SHOP,srivelavanpattasukadai.com (own shop),4″ (1Pce) Godzilla Vs Kong,https://srivelavanpattasukadai.com/product/4-single-green-city/,https://srivelavanpattasukadai.com/wp-content/uploads/2024/09/Gorzilla-kong.png,
100,"4"" (1Pce) Sonar / Cithurakar / Ragwal",100_4_1Pce_Sonar_Cithurakar_Ragwal.jpg,OWN_SHOP,srivelavanpattasukadai.com (own shop),4″ (1Pce) Sonar / Cithurakar / Ragwal,https://srivelavanpattasukadai.com/product/4-1pce-sonar/,https://srivelavanpattasukadai.com/wp-content/uploads/2024/09/84.-4-1Pce-Sonar.jpg,
101,"4"" (1Pce) Cool Rain",101_4_1Pce_Cool_Rain.jpg,OWN_SHOP,srivelavanpattasukadai.com (own shop),4″ (1Pce) Cool Rain,https://srivelavanpattasukadai.com/product/4-single-sun-rise/,https://srivelavanpattasukadai.com/wp-content/uploads/2024/09/83.-4-1Pce-Cool-Rain.jpg,
102,"4"" (1Pce) Angel Dream",102_4_1Pce_Angel_Dream.jpg,OWN_SHOP,srivelavanpattasukadai.com (own shop),4″ (1Pce) Angel Dream,https://srivelavanpattasukadai.com/product/4-single-manji/,https://srivelavanpattasukadai.com/wp-content/uploads/2024/09/82.-4-1Pce-Angel-Dream.jpg,
103,"4"" (1Pce) Golden Star",103_4_1Pce_Golden_Star.jpg,OWN_SHOP,srivelavanpattasukadai.com (own shop),4″ (1Pce) Golden Star,https://srivelavanpattasukadai.com/product/4-1pce-golden-star-2/,https://srivelavanpattasukadai.com/wp-content/uploads/2024/09/81.-4-1Pce-Golden-Star.jpg,
104,"4"" (2Pcs) Chennai Super Kings",104_4_2Pcs_Chennai_Super_Kings.jpg,OWN_SHOP,srivelavanpattasukadai.com (own shop),4″ (2Pcs) Chennai Super Kings,https://srivelavanpattasukadai.com/product/4-double-pack-agni/,https://srivelavanpattasukadai.com/wp-content/uploads/2024/09/csk.png,
105,"4"" (2Pcs) Royal Challengers Bengaluru",105_4_2Pcs_Royal_Challengers_Bengaluru.jpg,OWN_SHOP,srivelavanpattasukadai.com (own shop),4″ (2Pcs) Royal Challengers Bengaluru,https://srivelavanpattasukadai.com/product/4-double-pack-benz/,https://srivelavanpattasukadai.com/wp-content/uploads/2024/09/RCB.png,
106,"4"" (2Pcs) Mumbai Indians",106_4_2Pcs_Mumbai_Indians.jpg,OWN_SHOP,srivelavanpattasukadai.com (own shop),4″ (2Pcs) Mumbai Indians,https://srivelavanpattasukadai.com/product/4-double-pack-grpsy/,https://srivelavanpattasukadai.com/wp-content/uploads/2024/09/MI.png,
107,"4"" (2Pcs) Rajasthan Royals",107_4_2Pcs_Rajasthan_Royals.jpg,OWN_SHOP,srivelavanpattasukadai.com (own shop),4″ (2Pcs) Rajasthan Royals,https://srivelavanpattasukadai.com/product/4-2pcs-double-pack-youtube/,https://srivelavanpattasukadai.com/wp-content/uploads/2025/08/RR.png,
108,"4"" (2Pcs) Delhi Capitals",108_4_2Pcs_Delhi_Capitals.jpg,OWN_SHOP,srivelavanpattasukadai.com (own shop),4″ (2Pcs) Delhi Capitals,https://srivelavanpattasukadai.com/product/4-2pcs-delhi-capitals/,https://srivelavanpattasukadai.com/wp-content/uploads/2026/09/DC.png,
109,4' Premium Aerial Shells - Game One,109_4_Premium_Aerial_Shells_Game_One.jpg,OWN_SHOP,srivelavanpattasukadai.com (own shop),4′ Premium Aerial Shells – Game One,https://srivelavanpattasukadai.com/product/4-premium-aerial-shells-game-one/,https://srivelavanpattasukadai.com/wp-content/uploads/2026/09/game-on.png,
110,4' Premium Aerial Shells - Purple Mania,110_4_Premium_Aerial_Shells_Purple_Mania.jpg,OWN_SHOP,srivelavanpattasukadai.com (own shop),4′ Premium Aerial Shells – Purple Mania,https://srivelavanpattasukadai.com/product/4-premium-aerial-shells-purple-mania/,https://srivelavanpattasukadai.com/wp-content/uploads/2026/09/purple-maina.png,
111,4' Premium Aerial Shells - Palm Thunder,111_4_Premium_Aerial_Shells_Palm_Thunder.jpg,OWN_SHOP,srivelavanpattasukadai.com (own shop),4′ Premium Aerial Shells – Palm Thunder,https://srivelavanpattasukadai.com/product/4-premium-aerial-shells-palm-thunder/,https://srivelavanpattasukadai.com/wp-content/uploads/2026/09/thunder.png,
112,"3.5"" Double Effect Chandrayaan 2",112_3_5_Double_Effect_Chandrayaan_2.jpg,OWN_SHOP,srivelavanpattasukadai.com (own shop),3.5” Double Effect Chandrayaan 2,https://srivelavanpattasukadai.com/product/double-effect-4-hubba-bubba/,https://srivelavanpattasukadai.com/wp-content/uploads/2024/09/91.-3.5_-Double-Effect-Chandrayaan-2.jpg,
113,"3.5"" Double Effect India-Russia",113_3_5_Double_Effect_India_Russia.jpg,OWN_SHOP,srivelavanpattasukadai.com (own shop),3.5” Double Effect India-Russia,https://srivelavanpattasukadai.com/product/double-effect-4-hot-cool/,https://srivelavanpattasukadai.com/wp-content/uploads/2024/09/92.-3.5_-Double-Effect-India-Russia.jpg,
114,"4"" Double Effect Pipe",114_4_Double_Effect_Pipe.jpg,TYPE,sivancrackers.com,4'' Double Ball Fancy 5 Design 1 Box - 1 Piece,https://www.sivancrackers.com/,https://sivancrackers.s3.ap-south-1.amazonaws.com/products/images/ef649f6822ab7262cbb70fd0176a543c.webp,"4"" double effect pipe"
115,"4.5"" Tube Pipe After Darkk Silver",115_4_5_Tube_Pipe_After_Darkk_Silver.jpg,OWN_SHOP,srivelavanpattasukadai.com (own shop),4.5” Tube Pipe After Darkk Silver,https://srivelavanpattasukadai.com/product/3-5-triple-duck-tales/,https://srivelavanpattasukadai.com/wp-content/uploads/2024/09/after-dark.png,
116,"4.5"" Tube Pipe Magic Moments Multi Colour",116_4_5_Tube_Pipe_Magic_Moments_Multi_Colour.jpg,OWN_SHOP,srivelavanpattasukadai.com (own shop),4.5” Tube Pipe Magic Moments Multi Colour,https://srivelavanpattasukadai.com/product/3-5-triple-scooby-doo/,https://srivelavanpattasukadai.com/wp-content/uploads/2024/09/magic-moment.png,
117,"4.5"" Tube Pipe BOLS Red",117_4_5_Tube_Pipe_BOLS_Red.jpg,OWN_SHOP,srivelavanpattasukadai.com (own shop),4.5” Tube Pipe BOLS Red,https://srivelavanpattasukadai.com/product/3-5-triple-tom-jerry/,https://srivelavanpattasukadai.com/wp-content/uploads/2024/09/bouquest.png,
118,"6"" (1Pce) Pipe Sizzling",118_6_1Pce_Pipe_Sizzling.jpg,OWN_SHOP,srivelavanpattasukadai.com (own shop),6” (1Pce) Pipe Sizzling,https://srivelavanpattasukadai.com/product/6-1pce-pipe-sizzling/,https://srivelavanpattasukadai.com/wp-content/uploads/2025/08/100.-6_-1Pce-Pipe-Sizzling.jpg,
119,"6"" (1Pce) Pipe Spider Sound",119_6_1Pce_Pipe_Spider_Sound.jpg,OWN_SHOP,srivelavanpattasukadai.com (own shop),6” (1Pce) Pipe Spider Sound,https://srivelavanpattasukadai.com/product/6-1pce-pipe-spider-sound/,https://srivelavanpattasukadai.com/wp-content/uploads/2025/08/101.-6_-1Pce-Pipe-Spider-Sound.jpg,
120,City Jumpers (Paris/Tokyo),120_City_Jumpers_Paris_Tokyo.jpg,OWN_SHOP,srivelavanpattasukadai.com (own shop),City Jumpers (Paris),https://srivelavanpattasukadai.com/product/city-jumpers-paris/,https://srivelavanpattasukadai.com/wp-content/uploads/2026/09/jump-city-paris.png,
121,City Jumpers (Tokyo),121_City_Jumpers_Tokyo.jpg,OWN_SHOP,srivelavanpattasukadai.com (own shop),City Jumpers (Tokyo),https://srivelavanpattasukadai.com/product/city-jumpers-tokyo/,https://srivelavanpattasukadai.com/wp-content/uploads/2026/09/jump-city-tokyo.png,
122,City Jumpers (NewYork),122_City_Jumpers_NewYork.jpg,OWN_SHOP,srivelavanpattasukadai.com (own shop),City Jumpers (NewYork),https://srivelavanpattasukadai.com/product/city-jumpers-newyork/,https://srivelavanpattasukadai.com/wp-content/uploads/2026/09/jump-city-new-york.png,
123,12 Shots - Square Rider,123_12_Shots_Square_Rider.jpg,OWN_SHOP,srivelavanpattasukadai.com (own shop),12 Shots – Square Rider,https://srivelavanpattasukadai.com/product/12-shots-colour-red-green/,https://srivelavanpattasukadai.com/wp-content/uploads/2024/09/102.-12-Shots-Square-Rider.jpg,
124,12 Shots Colour (Red & Green),124_12_Shots_Colour_Red_Green.jpg,OWN_SHOP,srivelavanpattasukadai.com (own shop),12 Shots Colour (Red & Green),https://srivelavanpattasukadai.com/product/30-multi-colour-shots/,https://srivelavanpattasukadai.com/wp-content/uploads/2024/09/12-shot-red-green1.png,
125,25 Shots,125_25_Shots.jpg,OWN_SHOP,srivelavanpattasukadai.com (own shop),25 Shots,https://srivelavanpattasukadai.com/product/60-multi-colour-shots/,https://srivelavanpattasukadai.com/wp-content/uploads/2024/09/105.-25-Shots.jpg,
126,30 Multi Colour Shots,126_30_Multi_Colour_Shots.jpg,OWN_SHOP,srivelavanpattasukadai.com (own shop),30 Multi Colour Shots,https://srivelavanpattasukadai.com/product/120-multi-colour-shots/,https://srivelavanpattasukadai.com/wp-content/uploads/2024/09/30-shot-1.png,
127,60 Multi Colour Shots,127_60_Multi_Colour_Shots.jpg,OWN_SHOP,srivelavanpattasukadai.com (own shop),60 Multi Colour Shots,https://srivelavanpattasukadai.com/product/240-multi-colour-shots/,https://srivelavanpattasukadai.com/wp-content/uploads/2024/09/60-shot.png,
128,120 Multi Colour Shots,128_120_Multi_Colour_Shots.jpg,OWN_SHOP,srivelavanpattasukadai.com (own shop),240 Multi Colour Shots,https://srivelavanpattasukadai.com/product/25-shots/,https://srivelavanpattasukadai.com/wp-content/uploads/2024/09/109.-240-Multi-Colour-Shots.jpg,
129,240 Multi Colour Shots,129_240_Multi_Colour_Shots.jpg,OWN_SHOP,srivelavanpattasukadai.com (own shop),240 Multi Colour Shots,https://srivelavanpattasukadai.com/product/25-shots/,https://srivelavanpattasukadai.com/wp-content/uploads/2024/09/109.-240-Multi-Colour-Shots.jpg,
130,7cm Electric Sparklers (Branded),130_7cm_Electric_Sparklers_Branded.jpg,OWN_SHOP,srivelavanpattasukadai.com (own shop),7cm Electric Sparklers (Branded),https://srivelavanpattasukadai.com/product/7cm-electric-sparklers/,https://srivelavanpattasukadai.com/wp-content/uploads/2024/09/7cm-eletric.png,
131,7cm Crackling Sparklers (Branded),131_7cm_Crackling_Sparklers_Branded.jpg,OWN_SHOP,srivelavanpattasukadai.com (own shop),7cm Crackling Sparklers (Branded),https://srivelavanpattasukadai.com/product/7cm-crackling-sparklers/,https://srivelavanpattasukadai.com/wp-content/uploads/2024/09/7cm-colour.png,
132,7cm Green Sparklers (Branded),132_7cm_Green_Sparklers_Branded.jpg,OWN_SHOP,srivelavanpattasukadai.com (own shop),7cm Green Sparklers (Branded),https://srivelavanpattasukadai.com/product/7cm-green-sparklers/,https://srivelavanpattasukadai.com/wp-content/uploads/2024/09/7cm-green.png,
133,7cm Red Sparklers (Branded),133_7cm_Red_Sparklers_Branded.jpg,OWN_SHOP,srivelavanpattasukadai.com (own shop),7cm Red Sparklers (Branded),https://srivelavanpattasukadai.com/product/7cm-red-sparklers/,https://srivelavanpattasukadai.com/wp-content/uploads/2024/09/7cm-red-1.png,
134,10cm Electric Sparklers (Branded),134_10cm_Electric_Sparklers_Branded.jpg,OWN_SHOP,srivelavanpattasukadai.com (own shop),10cm Electric Sparklers (Branded),https://srivelavanpattasukadai.com/product/10cm-electric-sparklers/,https://srivelavanpattasukadai.com/wp-content/uploads/2024/09/10cm-eletric.png,
135,10cm Crackling Sparklers (Branded),135_10cm_Crackling_Sparklers_Branded.jpg,OWN_SHOP,srivelavanpattasukadai.com (own shop),10cm Crackling Sparklers (Branded),https://srivelavanpattasukadai.com/product/10cm-crackling-sparklers/,https://srivelavanpattasukadai.com/wp-content/uploads/2024/09/10cm-colour.png,
136,10cm Green Sparklers (Branded),136_10cm_Green_Sparklers_Branded.jpg,OWN_SHOP,srivelavanpattasukadai.com (own shop),10cm Green Sparklers (Branded),https://srivelavanpattasukadai.com/product/10cm-green-sparklers/,https://srivelavanpattasukadai.com/wp-content/uploads/2024/09/10cm-green.png,
137,10cm Red Sparklers (Branded),137_10cm_Red_Sparklers_Branded.jpg,OWN_SHOP,srivelavanpattasukadai.com (own shop),10cm Red Sparklers (Branded),https://srivelavanpattasukadai.com/product/10cm-red-sparklers/,https://srivelavanpattasukadai.com/wp-content/uploads/2024/09/10cm-red.png,
138,12cm Electric Sparklers (Branded),138_12cm_Electric_Sparklers_Branded.jpg,OWN_SHOP,srivelavanpattasukadai.com (own shop),12cm Electric Sparklers (Branded),https://srivelavanpattasukadai.com/product/12cm-electric-sparklers/,https://srivelavanpattasukadai.com/wp-content/uploads/2024/09/12cm-eletric.png,
139,12cm Crackling Sparklers (Branded),139_12cm_Crackling_Sparklers_Branded.jpg,OWN_SHOP,srivelavanpattasukadai.com (own shop),12cm Crackling Sparklers (Branded),https://srivelavanpattasukadai.com/product/12cm-crackling-sparklers/,https://srivelavanpattasukadai.com/wp-content/uploads/2024/09/12cm-colour.png,
140,12cm Green Sparklers (Branded),140_12cm_Green_Sparklers_Branded.jpg,OWN_SHOP,srivelavanpattasukadai.com (own shop),12cm Green Sparklers (Branded),https://srivelavanpattasukadai.com/product/12cm-green-sparklers/,https://srivelavanpattasukadai.com/wp-content/uploads/2024/09/12cm-green.png,
141,12cm Red Sparklers (Branded),141_12cm_Red_Sparklers_Branded.jpg,OWN_SHOP,srivelavanpattasukadai.com (own shop),12cm Red Sparklers (Branded),https://srivelavanpattasukadai.com/product/12cm-red-sparklers/,https://srivelavanpattasukadai.com/wp-content/uploads/2024/09/12cm-red.png,
142,15cm Electric Sparklers (Branded),142_15cm_Electric_Sparklers_Branded.jpg,OWN_SHOP,srivelavanpattasukadai.com (own shop),15cm Electric Sparklers (Branded),https://srivelavanpattasukadai.com/product/15cm-electric-sparklers/,https://srivelavanpattasukadai.com/wp-content/uploads/2024/09/15cm-eletric.png,
143,15cm Crackling Sparklers (Branded),143_15cm_Crackling_Sparklers_Branded.jpg,OWN_SHOP,srivelavanpattasukadai.com (own shop),15cm Crackling Sparklers (Branded),https://srivelavanpattasukadai.com/product/15cm-crackling-sparklers/,https://srivelavanpattasukadai.com/wp-content/uploads/2024/09/15cm-colour.png,
144,15cm Green Sparklers (Branded),144_15cm_Green_Sparklers_Branded.jpg,OWN_SHOP,srivelavanpattasukadai.com (own shop),15cm Green Sparklers(Branded),https://srivelavanpattasukadai.com/product/15cm-green-sparklers/,https://srivelavanpattasukadai.com/wp-content/uploads/2024/09/15cm-green.png,
145,15cm Red Sparklers (Branded),145_15cm_Red_Sparklers_Branded.jpg,OWN_SHOP,srivelavanpattasukadai.com (own shop),15cm Red Sparklers (Branded),https://srivelavanpattasukadai.com/product/15cm-red-sparklers/,https://srivelavanpattasukadai.com/wp-content/uploads/2024/09/15cm-red.png,
146,30cm Electric Sparklers (Branded),146_30cm_Electric_Sparklers_Branded.jpg,OWN_SHOP,srivelavanpattasukadai.com (own shop),30cm Electric Sparklers (Branded),https://srivelavanpattasukadai.com/product/30cm-electric-sparklers/,https://srivelavanpattasukadai.com/wp-content/uploads/2024/09/30cm-eletric.png,
147,30cm Crackling Sparklers,147_30cm_Crackling_Sparklers.jpg,OWN_SHOP,srivelavanpattasukadai.com (own shop),30cm Crackling Sparklers (Branded),https://srivelavanpattasukadai.com/product/30cm-crackling-sparklers/,https://srivelavanpattasukadai.com/wp-content/uploads/2024/09/30cm-colour.png,
148,30cm Green Sparklers (Branded),148_30cm_Green_Sparklers_Branded.jpg,OWN_SHOP,srivelavanpattasukadai.com (own shop),30cm Green Sparklers (Branded),https://srivelavanpattasukadai.com/product/30cm-green-sparklers/,https://srivelavanpattasukadai.com/wp-content/uploads/2024/09/30cm-green.png,
149,30cm Red Sparklers (Branded),149_30cm_Red_Sparklers_Branded.jpg,OWN_SHOP,srivelavanpattasukadai.com (own shop),30cm Red Sparklers (Branded),https://srivelavanpattasukadai.com/product/30cm-red-sparklers/,https://srivelavanpattasukadai.com/wp-content/uploads/2024/09/30cm-red.png,
150,50cm Electric Sparklers (Branded),150_50cm_Electric_Sparklers_Branded.jpg,OWN_SHOP,srivelavanpattasukadai.com (own shop),30cm Electric Sparklers (Branded),https://srivelavanpattasukadai.com/product/30cm-electric-sparklers/,https://srivelavanpattasukadai.com/wp-content/uploads/2024/09/30cm-eletric.png,
151,50cm Crackling Sparklers (Branded),151_50cm_Crackling_Sparklers_Branded.jpg,OWN_SHOP,srivelavanpattasukadai.com (own shop),50cm Crackling Sparklers (Branded),https://srivelavanpattasukadai.com/product/50cm-crackling-sparklers/,https://srivelavanpattasukadai.com/wp-content/uploads/2024/09/50cm-Crackling-Sparklers.png,
152,5 Colours Premium Sparklers (Branded),152_5_Colours_Premium_Sparklers_Branded.jpg,TYPE,sivancrackers.com,30 Cm Colour Sparkler 1 Box - 5 Pieces,https://www.sivancrackers.com/,https://sivancrackers.s3.ap-south-1.amazonaws.com/products/images/c5ce0a57d64294b57ce78a348c14c806.webp,premium colour sparklers pack
153,Millenium Mix Sparklers (Branded),153_Millenium_Mix_Sparklers_Branded.jpg,EXACT,sivancrackers.com,30 CM. Millennium 5 in 1 color mix 1 Box - 5 Pieces,https://www.sivancrackers.com/,https://sivancrackers.s3.ap-south-1.amazonaws.com/products/images/52f211a0dad6be4806caedd9aa89f009.webp,Millennium mix sparklers
154,Lovely Sparklers (Branded),154_Lovely_Sparklers_Branded.jpg,TYPE,sivancrackers.com,15 cm Pink color Sparklers 1 Box - 10 Pieces,https://www.sivancrackers.com/,https://sivancrackers.s3.ap-south-1.amazonaws.com/products/images/b8dcfc88fc19c9c721b1b745020cff10.webp,Lovely variant not listed online
155,50cm Multimix Sparklers (Branded),155_50cm_Multimix_Sparklers_Branded.jpg,EXACT,sivancrackers.com,50 Cm Colour Sparkler 1 Box - 5 Pieces,https://www.sivancrackers.com/,https://sivancrackers.s3.ap-south-1.amazonaws.com/products/images/cd32b24e5d7afffcbcc93a07f97cabf2.webp,multimix = colour sparklers
156,Rotating Sparklers (Branded),156_Rotating_Sparklers_Branded.jpg,EXACT,sivancrackers.com,Rotating Sparklers 1 BOX (5 Sparklers),https://www.sivancrackers.com/,https://sivancrackers.s3.ap-south-1.amazonaws.com/products/images/7c5aac4d0d62115cf7eeb5d521f45ebd.webp,
157,Rotating Red & Green Sparklers (Branded),157_Rotating_Red_Green_Sparklers_Branded.jpg,TYPE,sivancrackers.com,Rotating Sparklers 1 BOX (5 Sparklers),https://www.sivancrackers.com/,https://sivancrackers.s3.ap-south-1.amazonaws.com/products/images/7c5aac4d0d62115cf7eeb5d521f45ebd.webp,red & green variant; same rotating sparkler photo
158,75cm Electric Sparklers (Branded),158_75cm_Electric_Sparklers_Branded.jpg,OWN_SHOP,srivelavanpattasukadai.com (own shop),7cm Electric Sparklers (Branded),https://srivelavanpattasukadai.com/product/7cm-electric-sparklers/,https://srivelavanpattasukadai.com/wp-content/uploads/2024/09/7cm-eletric.png,
159,75cm Crackling Sparklers (Branded),159_75cm_Crackling_Sparklers_Branded.jpg,OWN_SHOP,srivelavanpattasukadai.com (own shop),7cm Crackling Sparklers (Branded),https://srivelavanpattasukadai.com/product/7cm-crackling-sparklers/,https://srivelavanpattasukadai.com/wp-content/uploads/2024/09/7cm-colour.png,
160,Roll Cap,160_Roll_Cap.jpg,OWN_SHOP,srivelavanpattasukadai.com (own shop),Roll Cap,https://srivelavanpattasukadai.com/product/roll-cap/,https://srivelavanpattasukadai.com/wp-content/uploads/2024/09/148.-Roll-Cap.jpg,
161,Snake Tablet Big,161_Snake_Tablet_Big.jpg,EXACT,sivancrackers.com,Snake Egg (Big) 1 Box - 10 Pieces,https://www.sivancrackers.com/,https://sivancrackers.s3.ap-south-1.amazonaws.com/products/images/28f6b31da58d407f753275897023abfe.webp,snake tablet big
162,Snake Tablet Anaconda,162_Snake_Tablet_Anaconda.jpg,OWN_SHOP,srivelavanpattasukadai.com (own shop),Snake Tablet Anaconda,https://srivelavanpattasukadai.com/product/snake-tablet-anaconda/,https://srivelavanpattasukadai.com/wp-content/uploads/2024/09/anaconda.png,
163,Colour Matches Micromax 3G (Branded),163_Colour_Matches_Micromax_3G_Branded.jpg,OWN_SHOP,srivelavanpattasukadai.com (own shop),Colour Matches Micromax 3G (Branded),https://srivelavanpattasukadai.com/product/colour-matches-deluxe-king-5-in-1/,https://srivelavanpattasukadai.com/wp-content/uploads/2024/09/match-micromax.png,
164,Colour Matches MAX 3 in 1 Cone (Branded),164_Colour_Matches_MAX_3_in_1_Cone_Branded.jpg,OWN_SHOP,srivelavanpattasukadai.com (own shop),Colour Matches MAX 3 in 1 Cone (Branded),https://srivelavanpattasukadai.com/product/colour-matches-hero/,https://srivelavanpattasukadai.com/wp-content/uploads/2024/09/match-max.png,
165,Colour Matches Special Deluxe (Branded),165_Colour_Matches_Special_Deluxe_Branded.jpg,OWN_SHOP,srivelavanpattasukadai.com (own shop),Colour Matches Special Deluxe (Branded),https://srivelavanpattasukadai.com/product/colour-matches-vip-laptop/,https://srivelavanpattasukadai.com/wp-content/uploads/2024/09/match-10-in-one.png,
166,Colour Matches Super Deluxe (Branded),166_Colour_Matches_Super_Deluxe_Branded.jpg,OWN_SHOP,srivelavanpattasukadai.com (own shop),Colour Matches Super Deluxe (Branded),https://srivelavanpattasukadai.com/product/colour-matches-queen-maxx-laptop/,https://srivelavanpattasukadai.com/wp-content/uploads/2024/09/match-super-dlx-10-in-one.png,
167,Colour Matches Classic 5-in-1 (Branded),167_Colour_Matches_Classic_5_in_1_Branded.jpg,OWN_SHOP,srivelavanpattasukadai.com (own shop),Colour Matches Classic 5-in-1 (Branded),https://srivelavanpattasukadai.com/product/colour-matches-bigg-boss-laptop/,https://srivelavanpattasukadai.com/wp-content/uploads/2024/09/match-classic-5-in-1.png,
168,Colour Matches 7 Up Rainbow (Branded),168_Colour_Matches_7_Up_Rainbow_Branded.jpg,OWN_SHOP,srivelavanpattasukadai.com (own shop),Colour Matches 7 Up Rainbow (Branded),https://srivelavanpattasukadai.com/product/cartoon/,https://srivelavanpattasukadai.com/wp-content/uploads/2024/09/match-7-up.png,
169,Colour Matches VIP 10-in-1 (Branded),169_Colour_Matches_VIP_10_in_1_Branded.jpg,OWN_SHOP,srivelavanpattasukadai.com (own shop),Colour Matches VIP 10-in-1 (Branded),https://srivelavanpattasukadai.com/product/colour-matches-baby-box/,https://srivelavanpattasukadai.com/wp-content/uploads/2025/08/match-vip-2.png,
170,Cartoon,170_Cartoon.jpg,OWN_SHOP,srivelavanpattasukadai.com (own shop),Cartoon,https://srivelavanpattasukadai.com/product/sri-krishna-snake-cartoon-25pcs/,https://srivelavanpattasukadai.com/wp-content/uploads/2025/08/cartoon.png,
171,1/4 Kg Paper Bomb,171_1_4_Kg_Paper_Bomb.jpg,EXACT,chakracrackers.com,Paper Bomb ( காகிதம் பாம் (1/4 கிலோ )),https://chakracrackers.com/product/paper-bomb-1-4-kg/,https://chakracrackers.com/wp-content/uploads/2024/09/Paper_Bomb.jpg,
172,1/2 kg Paper Bomb,172_1_2_kg_Paper_Bomb.jpg,EXACT,chakracrackers.com,Paper Bomb (கா கிதம் பா ம் (1/2 கிலோ )),https://chakracrackers.com/product/paper-bomb-1-2-kg/,https://chakracrackers.com/wp-content/uploads/2024/09/Paper_Bomb.jpg,
173,Paper Bomb / 1Kg,173_Paper_Bomb_1Kg.jpg,EXACT,chakracrackers.com,Paper Bomb( காகிதம் பாம் (1 கிலோ )),https://chakracrackers.com/product/paper-bomb-1-kg/,https://chakracrackers.com/wp-content/uploads/2023/05/v.png,
174,Money Bomb,174_Money_Bomb.jpg,OWN_SHOP,srivelavanpattasukadai.com (own shop),Money Bomb,https://srivelavanpattasukadai.com/product/money-bomb-2/,https://srivelavanpattasukadai.com/wp-content/uploads/2026/09/money-bomb.png,
175,Pop EYE (Branded),175_Pop_EYE_Branded.jpg,OWN_SHOP,srivelavanpattasukadai.com (own shop),Pop EYE (Branded),https://srivelavanpattasukadai.com/product/ak-47-gun/,https://srivelavanpattasukadai.com/wp-content/uploads/2024/09/popeye.png,
176,Fire Egg (Branded),176_Fire_Egg_Branded.jpg,OWN_SHOP,srivelavanpattasukadai.com (own shop),Fire Egg (Branded),https://srivelavanpattasukadai.com/product/selfie-stick/,https://srivelavanpattasukadai.com/wp-content/uploads/2024/09/fire-egg.png,
177,Mega Rocket MIX (Branded),177_Mega_Rocket_MIX_Branded.jpg,OWN_SHOP,srivelavanpattasukadai.com (own shop),Mega Rocket MIX (Branded),https://srivelavanpattasukadai.com/product/chotta-smoke/,https://srivelavanpattasukadai.com/wp-content/uploads/2024/09/rocket-Blast.png,
178,Bouquet Bonanza 5 Wonder Sparklers (Branded),178_Bouquet_Bonanza_5_Wonder_Sparklers_Branded.jpg,OWN_SHOP,srivelavanpattasukadai.com (own shop),Bouquet Bonanza 5 Wonder Sparklers(Branded),https://srivelavanpattasukadai.com/product/emu-egg/,https://srivelavanpattasukadai.com/wp-content/uploads/2024/09/boquest.png,
179,16 Items - 10 Pcs,179_16_Items_10_Pcs.jpg,TYPE,sivancrackers.com,32 Item Gift box 1 BOX (32 items),https://www.sivancrackers.com/,https://sivancrackers.s3.ap-south-1.amazonaws.com/products/images/c5b3374cef354e84606a489573057dc0.webp,gift box; 16-item pack not listed
180,21 Items - 10 Pcs,180_21_Items_10_Pcs.jpg,EXACT,chakracrackers.com,21 ITEMS (Starter Pack) ( பரிசு பெட்டி ),https://chakracrackers.com/product/21-items-starter-pack/,https://chakracrackers.com/wp-content/uploads/2023/04/21-items-chaturthi-starter-pack.jpg,
181,25 Items - 10 Pcs,181_25_Items_10_Pcs.jpg,EXACT,chakracrackers.com,25 Items (Economic Pack)_பரிசுப் பெட்டி,https://chakracrackers.com/product/25-items-economic-pack_%e0%ae%aa%e0%ae%b0%e0%ae%bf%e0%ae%9a%e0%af%81%e0%ae%aa%e0%af%8d-%e0%ae%aa%e0%af%86%e0%ae%9f%e0%af%8d%e0%ae%9f%e0%ae%bf/,https://chakracrackers.com/wp-content/uploads/2026/09/25Items_Gift-Box.jpg,
182,30 Items - 10 Pcs,182_30_Items_10_Pcs.jpg,EXACT,chakracrackers.com,30 Items (Attractive Pack)( ( பரிசு பெட்டி ),https://chakracrackers.com/product/30-items-attractive-pack/,https://chakracrackers.com/wp-content/uploads/2023/04/30-items-Attractive-pack.jpg,
183,35 Items - 10 Pcs,183_35_Items_10_Pcs.jpg,TYPE,chakracrackers.com,36 ITEMS (Royal Pack)( ( பரிசு பெட்டி ),https://chakracrackers.com/product/36-items-royal-pack/,https://chakracrackers.com/wp-content/uploads/2023/04/36-items-royal-pack.jpg,36-item pack shown; 35-item not listed
184,40 Items - 10 Pcs,184_40_Items_10_Pcs.jpg,TYPE,chakracrackers.com,42 Items (Mega Pack) ( பரிசு பெட்டி ),https://chakracrackers.com/product/42-items-mega-pack/,https://chakracrackers.com/wp-content/uploads/2023/04/42-items-Mega-pack.jpg,42-item pack shown; 40-item not listed
185,50 Items - 10 Pcs,185_50_Items_10_Pcs.jpg,EXACT,chakracrackers.com,50 ITEMS (Celebration Pack) UV Box ( பரிசு பெட்டி ),https://chakracrackers.com/product/50-items-celebration-pack/,https://chakracrackers.com/wp-content/uploads/2023/04/Celebration_Pack_50-Items.jpeg,
186,Classic Combo Pack (Rs.1199),186_Classic_Combo_Pack_Rs_1199.jpg,OWN_SHOP,srivelavanpattasukadai.com (own shop),Classic Combo Pack (Rs.1199),https://srivelavanpattasukadai.com/product/budget-pack/,https://srivelavanpattasukadai.com/wp-content/uploads/2024/09/1199_Classic_Combo.png,
187,Super Combo Pack (Rs.2100),187_Super_Combo_Pack_Rs_2100.jpg,OWN_SHOP,srivelavanpattasukadai.com (own shop),Super Combo Pack (Rs.2100),https://srivelavanpattasukadai.com/product/classic-pack/,https://srivelavanpattasukadai.com/wp-content/uploads/2024/09/2100_Super_Combo.png,
188,Deluxe Combo Pack (Rs.3300),188_Deluxe_Combo_Pack_Rs_3300.jpg,OWN_SHOP,srivelavanpattasukadai.com (own shop),Deluxe Combo Pack (Rs.3300),https://srivelavanpattasukadai.com/product/vip-pack/,https://srivelavanpattasukadai.com/wp-content/uploads/2024/09/3300_Deluxe_combo.png,
189,Premium Combo Pack (Rs.5500),189_Premium_Combo_Pack_Rs_5500.jpg,OWN_SHOP,srivelavanpattasukadai.com (own shop),Premium Combo Pack (Rs.5500),https://srivelavanpattasukadai.com/product/pulse-pack/,https://srivelavanpattasukadai.com/wp-content/uploads/2025/09/5500_Premium_Combo.png,
